strategy,symbol,p_min_gap_atr,p_rr_target,p_stop_atr_mult,n_trades_total,train_n,train_hit,train_e,train_t,train_mean_gross_usd,train_mean_risk_ticks,oos_n,oos_hit,oos_e,oos_t,oos_mean_gross_usd,oos_mean_risk_ticks,oos_breakeven_slip_ticks,oos_mean_net_usd_at_slip_0_0,oos_hit_rate_at_slip_0_0,oos_mean_net_usd_at_slip_0_25,oos_hit_rate_at_slip_0_25,oos_mean_net_usd_at_slip_0_5,oos_hit_rate_at_slip_0_5,oos_mean_net_usd_at_slip_1_0,oos_hit_rate_at_slip_1_0
gap_fill_wide,ZN,0.5,1.0,1.0,15,11,0.5455,0.9481,1.4593,44.24,0.00,4,0.5000,0.5833,0.5981,27.34,0.00,0.875,27.34,0.5000,19.53,0.5000,11.72,0.5000,-3.91,0.5000
gap_fill_wide,ZN,0.5,1.25,1.0,13,9,0.4444,0.9365,1.1664,43.65,0.00,4,0.5000,0.5833,0.5981,27.34,0.00,0.875,27.34,0.5000,19.53,0.5000,11.72,0.5000,-3.91,0.5000
gap_fill_wide,ZN,0.5,1.5,1.0,12,9,0.4444,0.9365,1.1664,43.65,0.00,3,0.3333,0.3333,0.2500,15.62,0.00,0.500,15.62,0.3333,7.81,0.3333,0.00,0.3333,-15.62,0.3333
gap_fill_wide,ZN,0.5,1.0,1.5,13,10,0.7000,1.6019,2.4956,92.86,0.00,3,0.3333,0.1111,0.1000,10.60,0.00,0.339,10.60,0.3333,2.79,0.3333,-5.02,0.3333,-20.65,0.3333
gap_fill_wide,ZN,0.5,1.25,1.5,12,9,0.6667,1.6688,2.3381,97.97,0.00,3,0.3333,0.1111,0.1000,10.60,0.00,0.339,10.60,0.3333,2.79,0.3333,-5.02,0.3333,-20.65,0.3333
gap_fill_wide,ZN,0.5,1.5,1.5,12,9,0.6667,1.6688,2.3381,97.97,0.00,3,0.3333,0.1111,0.1000,10.60,0.00,0.339,10.60,0.3333,2.79,0.3333,-5.02,0.3333,-20.65,0.3333
gap_fill_wide,ZN,0.5,1.0,2.0,13,10,0.8000,1.5941,3.2333,118.53,0.00,3,0.6667,0.7304,0.8397,60.27,0.00,1.929,60.27,0.6667,52.46,0.6667,44.64,0.6667,29.02,0.6667
gap_fill_wide,ZN,0.5,1.25,2.0,12,9,0.7778,1.6601,3.0390,126.49,0.00,3,0.6667,0.7304,0.8397,60.27,0.00,1.929,60.27,0.6667,52.46,0.6667,44.64,0.6667,29.02,0.6667
gap_fill_wide,ZN,0.5,1.5,2.0,10,8,0.7500,1.6927,2.7375,132.53,0.00,2,0.5000,0.3750,0.2727,35.71,0.00,1.143,35.71,0.5000,27.90,0.5000,20.09,0.5000,4.46,0.5000
gap_fill_wide,ZN,0.75,1.0,1.0,15,11,0.5455,0.9481,1.4593,44.24,0.00,4,0.5000,0.5833,0.5981,27.34,0.00,0.875,27.34,0.5000,19.53,0.5000,11.72,0.5000,-3.91,0.5000
gap_fill_wide,ZN,0.75,1.25,1.0,13,9,0.4444,0.9365,1.1664,43.65,0.00,4,0.5000,0.5833,0.5981,27.34,0.00,0.875,27.34,0.5000,19.53,0.5000,11.72,0.5000,-3.91,0.5000
gap_fill_wide,ZN,0.75,1.5,1.0,12,9,0.4444,0.9365,1.1664,43.65,0.00,3,0.3333,0.3333,0.2500,15.62,0.00,0.500,15.62,0.3333,7.81,0.3333,0.00,0.3333,-15.62,0.3333
gap_fill_wide,ZN,0.75,1.0,1.5,13,10,0.7000,1.6019,2.4956,92.86,0.00,3,0.3333,0.1111,0.1000,10.60,0.00,0.339,10.60,0.3333,2.79,0.3333,-5.02,0.3333,-20.65,0.3333
gap_fill_wide,ZN,0.75,1.25,1.5,12,9,0.6667,1.6688,2.3381,97.97,0.00,3,0.3333,0.1111,0.1000,10.60,0.00,0.339,10.60,0.3333,2.79,0.3333,-5.02,0.3333,-20.65,0.3333
gap_fill_wide,ZN,0.75,1.5,1.5,12,9,0.6667,1.6688,2.3381,97.97,0.00,3,0.3333,0.1111,0.1000,10.60,0.00,0.339,10.60,0.3333,2.79,0.3333,-5.02,0.3333,-20.65,0.3333
gap_fill_wide,ZN,0.75,1.0,2.0,13,10,0.8000,1.5941,3.2333,118.53,0.00,3,0.6667,0.7304,0.8397,60.27,0.00,1.929,60.27,0.6667,52.46,0.6667,44.64,0.6667,29.02,0.6667
gap_fill_wide,ZN,0.75,1.25,2.0,12,9,0.7778,1.6601,3.0390,126.49,0.00,3,0.6667,0.7304,0.8397,60.27,0.00,1.929,60.27,0.6667,52.46,0.6667,44.64,0.6667,29.02,0.6667
gap_fill_wide,ZN,0.75,1.5,2.0,10,8,0.7500,1.6927,2.7375,132.53,0.00,2,0.5000,0.3750,0.2727,35.71,0.00,1.143,35.71,0.5000,27.90,0.5000,20.09,0.5000,4.46,0.5000
gap_fill_wide,ZN,1.0,1.0,1.0,15,11,0.5455,0.9481,1.4593,44.24,0.00,4,0.5000,0.5833,0.5981,27.34,0.00,0.875,27.34,0.5000,19.53,0.5000,11.72,0.5000,-3.91,0.5000
gap_fill_wide,ZN,1.0,1.25,1.0,13,9,0.4444,0.9365,1.1664,43.65,0.00,4,0.5000,0.5833,0.5981,27.34,0.00,0.875,27.34,0.5000,19.53,0.5000,11.72,0.5000,-3.91,0.5000
gap_fill_wide,ZN,1.0,1.5,1.0,12,9,0.4444,0.9365,1.1664,43.65,0.00,3,0.3333,0.3333,0.2500,15.62,0.00,0.500,15.62,0.3333,7.81,0.3333,0.00,0.3333,-15.62,0.3333
gap_fill_wide,ZN,1.0,1.0,1.5,13,10,0.7000,1.6019,2.4956,92.86,0.00,3,0.3333,0.1111,0.1000,10.60,0.00,0.339,10.60,0.3333,2.79,0.3333,-5.02,0.3333,-20.65,0.3333
gap_fill_wide,ZN,1.0,1.25,1.5,12,9,0.6667,1.6688,2.3381,97.97,0.00,3,0.3333,0.1111,0.1000,10.60,0.00,0.339,10.60,0.3333,2.79,0.3333,-5.02,0.3333,-20.65,0.3333
gap_fill_wide,ZN,1.0,1.5,1.5,12,9,0.6667,1.6688,2.3381,97.97,0.00,3,0.3333,0.1111,0.1000,10.60,0.00,0.339,10.60,0.3333,2.79,0.3333,-5.02,0.3333,-20.65,0.3333
gap_fill_wide,ZN,1.0,1.0,2.0,13,10,0.8000,1.5941,3.2333,118.53,0.00,3,0.6667,0.7304,0.8397,60.27,0.00,1.929,60.27,0.6667,52.46,0.6667,44.64,0.6667,29.02,0.6667
gap_fill_wide,ZN,1.0,1.25,2.0,12,9,0.7778,1.6601,3.0390,126.49,0.00,3,0.6667,0.7304,0.8397,60.27,0.00,1.929,60.27,0.6667,52.46,0.6667,44.64,0.6667,29.02,0.6667
gap_fill_wide,ZN,1.0,1.5,2.0,10,8,0.7500,1.6927,2.7375,132.53,0.00,2,0.5000,0.3750,0.2727,35.71,0.00,1.143,35.71,0.5000,27.90,0.5000,20.09,0.5000,4.46,0.5000
gap_fill_wide,ZN,1.25,1.0,1.0,15,11,0.5455,0.9481,1.4593,44.24,0.00,4,0.5000,0.5833,0.5981,27.34,0.00,0.875,27.34,0.5000,19.53,0.5000,11.72,0.5000,-3.91,0.5000
gap_fill_wide,ZN,1.25,1.25,1.0,13,9,0.4444,0.9365,1.1664,43.65,0.00,4,0.5000,0.5833,0.5981,27.34,0.00,0.875,27.34,0.5000,19.53,0.5000,11.72,0.5000,-3.91,0.5000
gap_fill_wide,ZN,1.25,1.5,1.0,12,9,0.4444,0.9365,1.1664,43.65,0.00,3,0.3333,0.3333,0.2500,15.62,0.00,0.500,15.62,0.3333,7.81,0.3333,0.00,0.3333,-15.62,0.3333
gap_fill_wide,ZN,1.25,1.0,1.5,13,10,0.7000,1.6019,2.4956,92.86,0.00,3,0.3333,0.1111,0.1000,10.60,0.00,0.339,10.60,0.3333,2.79,0.3333,-5.02,0.3333,-20.65,0.3333
gap_fill_wide,ZN,1.25,1.25,1.5,12,9,0.6667,1.6688,2.3381,97.97,0.00,3,0.3333,0.1111,0.1000,10.60,0.00,0.339,10.60,0.3333,2.79,0.3333,-5.02,0.3333,-20.65,0.3333
gap_fill_wide,ZN,1.25,1.5,1.5,12,9,0.6667,1.6688,2.3381,97.97,0.00,3,0.3333,0.1111,0.1000,10.60,0.00,0.339,10.60,0.3333,2.79,0.3333,-5.02,0.3333,-20.65,0.3333
gap_fill_wide,ZN,1.25,1.0,2.0,13,10,0.8000,1.5941,3.2333,118.53,0.00,3,0.6667,0.7304,0.8397,60.27,0.00,1.929,60.27,0.6667,52.46,0.6667,44.64,0.6667,29.02,0.6667
gap_fill_wide,ZN,1.25,1.25,2.0,12,9,0.7778,1.6601,3.0390,126.49,0.00,3,0.6667,0.7304,0.8397,60.27,0.00,1.929,60.27,0.6667,52.46,0.6667,44.64,0.6667,29.02,0.6667
gap_fill_wide,ZN,1.25,1.5,2.0,10,8,0.7500,1.6927,2.7375,132.53,0.00,2,0.5000,0.3750,0.2727,35.71,0.00,1.143,35.71,0.5000,27.90,0.5000,20.09,0.5000,4.46,0.5000
gap_fill_wide,ZT,0.5,1.0,1.0,15,12,0.5833,0.7500,1.5638,35.16,0.00,3,0.3333,-0.1111,-0.1377,-5.21,0.00,0.000,-5.21,0.3333,-13.02,0.3333,-20.83,0.3333,-36.46,0.3333
gap_fill_wide,ZT,0.5,1.25,1.0,12,9,0.5556,0.8704,1.4231,40.80,0.00,3,0.3333,-0.1111,-0.1377,-5.21,0.00,0.000,-5.21,0.3333,-13.02,0.3333,-20.83,0.3333,-36.46,0.3333
gap_fill_wide,ZT,0.5,1.5,1.0,11,8,0.5000,0.8125,1.1769,38.09,0.00,3,0.3333,-0.1111,-0.1377,-5.21,0.00,0.000,-5.21,0.3333,-13.02,0.3333,-20.83,0.3333,-36.46,0.3333
gap_fill_wide,ZT,0.5,1.0,1.5,15,12,0.5833,0.7500,1.5638,34.25,0.00,3,0.3333,-0.1111,-0.1377,-5.21,0.00,0.000,-5.21,0.3333,-13.02,0.3333,-20.83,0.3333,-36.46,0.3333
gap_fill_wide,ZT,0.5,1.25,1.5,12,9,0.5556,0.8704,1.4231,39.59,0.00,3,0.3333,-0.1111,-0.1377,-5.21,0.00,0.000,-5.21,0.3333,-13.02,0.3333,-20.83,0.3333,-36.46,0.3333
gap_fill_wide,ZT,0.5,1.5,1.5,11,8,0.5000,0.8125,1.1769,36.73,0.00,3,0.3333,-0.1111,-0.1377,-5.21,0.00,0.000,-5.21,0.3333,-13.02,0.3333,-20.83,0.3333,-36.46,0.3333
gap_fill_wide,ZT,0.5,1.0,2.0,15,12,0.5833,0.7229,1.5426,31.34,0.00,3,0.3333,-0.1111,-0.1377,-5.21,0.00,0.000,-5.21,0.3333,-13.02,0.3333,-20.83,0.3333,-36.46,0.3333
gap_fill_wide,ZT,0.5,1.25,2.0,11,8,0.6250,1.0636,1.7026,49.11,0.00,3,0.3333,-0.1111,-0.1377,-5.21,0.00,0.000,-5.21,0.3333,-13.02,0.3333,-20.83,0.3333,-36.46,0.3333
gap_fill_wide,ZT,0.5,1.5,2.0,10,7,0.5714,1.0250,1.4238,47.19,0.00,3,0.3333,-0.1111,-0.1377,-5.21,0.00,0.000,-5.21,0.3333,-13.02,0.3333,-20.83,0.3333,-36.46,0.3333
gap_fill_wide,ZT,0.75,1.0,1.0,15,12,0.5833,0.7500,1.5638,35.16,0.00,3,0.3333,-0.1111,-0.1377,-5.21,0.00,0.000,-5.21,0.3333,-13.02,0.3333,-20.83,0.3333,-36.46,0.3333
gap_fill_wide,ZT,0.75,1.25,1.0,12,9,0.5556,0.8704,1.4231,40.80,0.00,3,0.3333,-0.1111,-0.1377,-5.21,0.00,0.000,-5.21,0.3333,-13.02,0.3333,-20.83,0.3333,-36.46,0.3333
gap_fill_wide,ZT,0.75,1.5,1.0,11,8,0.5000,0.8125,1.1769,38.09,0.00,3,0.3333,-0.1111,-0.1377,-5.21,0.00,0.000,-5.21,0.3333,-13.02,0.3333,-20.83,0.3333,-36.46,0.3333
gap_fill_wide,ZT,0.75,1.0,1.5,15,12,0.5833,0.7500,1.5638,34.25,0.00,3,0.3333,-0.1111,-0.1377,-5.21,0.00,0.000,-5.21,0.3333,-13.02,0.3333,-20.83,0.3333,-36.46,0.3333
gap_fill_wide,ZT,0.75,1.25,1.5,12,9,0.5556,0.8704,1.4231,39.59,0.00,3,0.3333,-0.1111,-0.1377,-5.21,0.00,0.000,-5.21,0.3333,-13.02,0.3333,-20.83,0.3333,-36.46,0.3333
gap_fill_wide,ZT,0.75,1.5,1.5,11,8,0.5000,0.8125,1.1769,36.73,0.00,3,0.3333,-0.1111,-0.1377,-5.21,0.00,0.000,-5.21,0.3333,-13.02,0.3333,-20.83,0.3333,-36.46,0.3333
gap_fill_wide,ZT,0.75,1.0,2.0,15,12,0.5833,0.7229,1.5426,31.34,0.00,3,0.3333,-0.1111,-0.1377,-5.21,0.00,0.000,-5.21,0.3333,-13.02,0.3333,-20.83,0.3333,-36.46,0.3333
gap_fill_wide,ZT,0.75,1.25,2.0,11,8,0.6250,1.0636,1.7026,49.11,0.00,3,0.3333,-0.1111,-0.1377,-5.21,0.00,0.000,-5.21,0.3333,-13.02,0.3333,-20.83,0.3333,-36.46,0.3333
gap_fill_wide,ZT,0.75,1.5,2.0,10,7,0.5714,1.0250,1.4238,47.19,0.00,3,0.3333,-0.1111,-0.1377,-5.21,0.00,0.000,-5.21,0.3333,-13.02,0.3333,-20.83,0.3333,-36.46,0.3333
gap_fill_wide,ZT,1.0,1.0,1.0,15,12,0.5833,0.7500,1.5638,35.16,0.00,3,0.3333,-0.1111,-0.1377,-5.21,0.00,0.000,-5.21,0.3333,-13.02,0.3333,-20.83,0.3333,-36.46,0.3333
gap_fill_wide,ZT,1.0,1.25,1.0,12,9,0.5556,0.8704,1.4231,40.80,0.00,3,0.3333,-0.1111,-0.1377,-5.21,0.00,0.000,-5.21,0.3333,-13.02,0.3333,-20.83,0.3333,-36.46,0.3333
gap_fill_wide,ZT,1.0,1.5,1.0,11,8,0.5000,0.8125,1.1769,38.09,0.00,3,0.3333,-0.1111,-0.1377,-5.21,0.00,0.000,-5.21,0.3333,-13.02,0.3333,-20.83,0.3333,-36.46,0.3333
gap_fill_wide,ZT,1.0,1.0,1.5,15,12,0.5833,0.7500,1.5638,34.25,0.00,3,0.3333,-0.1111,-0.1377,-5.21,0.00,0.000,-5.21,0.3333,-13.02,0.3333,-20.83,0.3333,-36.46,0.3333
gap_fill_wide,ZT,1.0,1.25,1.5,12,9,0.5556,0.8704,1.4231,39.59,0.00,3,0.3333,-0.1111,-0.1377,-5.21,0.00,0.000,-5.21,0.3333,-13.02,0.3333,-20.83,0.3333,-36.46,0.3333
gap_fill_wide,ZT,1.0,1.5,1.5,11,8,0.5000,0.8125,1.1769,36.73,0.00,3,0.3333,-0.1111,-0.1377,-5.21,0.00,0.000,-5.21,0.3333,-13.02,0.3333,-20.83,0.3333,-36.46,0.3333
gap_fill_wide,ZT,1.0,1.0,2.0,15,12,0.5833,0.7229,1.5426,31.34,0.00,3,0.3333,-0.1111,-0.1377,-5.21,0.00,0.000,-5.21,0.3333,-13.02,0.3333,-20.83,0.3333,-36.46,0.3333
gap_fill_wide,ZT,1.0,1.25,2.0,11,8,0.6250,1.0636,1.7026,49.11,0.00,3,0.3333,-0.1111,-0.1377,-5.21,0.00,0.000,-5.21,0.3333,-13.02,0.3333,-20.83,0.3333,-36.46,0.3333
gap_fill_wide,ZT,1.0,1.5,2.0,10,7,0.5714,1.0250,1.4238,47.19,0.00,3,0.3333,-0.1111,-0.1377,-5.21,0.00,0.000,-5.21,0.3333,-13.02,0.3333,-20.83,0.3333,-36.46,0.3333
gap_fill_wide,ZT,1.25,1.0,1.0,15,12,0.5833,0.7500,1.5638,35.16,0.00,3,0.3333,-0.1111,-0.1377,-5.21,0.00,0.000,-5.21,0.3333,-13.02,0.3333,-20.83,0.3333,-36.46,0.3333
gap_fill_wide,ZT,1.25,1.25,1.0,12,9,0.5556,0.8704,1.4231,40.80,0.00,3,0.3333,-0.1111,-0.1377,-5.21,0.00,0.000,-5.21,0.3333,-13.02,0.3333,-20.83,0.3333,-36.46,0.3333
gap_fill_wide,ZT,1.25,1.5,1.0,11,8,0.5000,0.8125,1.1769,38.09,0.00,3,0.3333,-0.1111,-0.1377,-5.21,0.00,0.000,-5.21,0.3333,-13.02,0.3333,-20.83,0.3333,-36.46,0.3333
gap_fill_wide,ZT,1.25,1.0,1.5,15,12,0.5833,0.7500,1.5638,34.25,0.00,3,0.3333,-0.1111,-0.1377,-5.21,0.00,0.000,-5.21,0.3333,-13.02,0.3333,-20.83,0.3333,-36.46,0.3333
gap_fill_wide,ZT,1.25,1.25,1.5,12,9,0.5556,0.8704,1.4231,39.59,0.00,3,0.3333,-0.1111,-0.1377,-5.21,0.00,0.000,-5.21,0.3333,-13.02,0.3333,-20.83,0.3333,-36.46,0.3333
gap_fill_wide,ZT,1.25,1.5,1.5,11,8,0.5000,0.8125,1.1769,36.73,0.00,3,0.3333,-0.1111,-0.1377,-5.21,0.00,0.000,-5.21,0.3333,-13.02,0.3333,-20.83,0.3333,-36.46,0.3333
gap_fill_wide,ZT,1.25,1.0,2.0,15,12,0.5833,0.7229,1.5426,31.34,0.00,3,0.3333,-0.1111,-0.1377,-5.21,0.00,0.000,-5.21,0.3333,-13.02,0.3333,-20.83,0.3333,-36.46,0.3333
gap_fill_wide,ZT,1.25,1.25,2.0,11,8,0.6250,1.0636,1.7026,49.11,0.00,3,0.3333,-0.1111,-0.1377,-5.21,0.00,0.000,-5.21,0.3333,-13.02,0.3333,-20.83,0.3333,-36.46,0.3333
gap_fill_wide,ZT,1.25,1.5,2.0,10,7,0.5714,1.0250,1.4238,47.19,0.00,3,0.3333,-0.1111,-0.1377,-5.21,0.00,0.000,-5.21,0.3333,-13.02,0.3333,-20.83,0.3333,-36.46,0.3333
gap_fill_wide,ZB,0.5,1.0,1.0,15,10,0.5000,0.7000,1.1803,61.83,0.00,5,0.4000,0.0000,0.0000,0.00,0.00,0.000,0.00,0.4000,-15.62,0.4000,-31.25,0.4000,-62.50,0.4000
gap_fill_wide,ZB,0.5,1.25,1.0,14,9,0.4444,0.6667,1.0070,58.28,0.00,5,0.4000,0.0000,0.0000,0.00,0.00,0.000,0.00,0.4000,-15.62,0.4000,-31.25,0.4000,-62.50,0.4000
gap_fill_wide,ZB,0.5,1.5,1.0,11,9,0.4444,0.6667,1.0070,58.28,0.00,2,0.5000,0.3333,0.2500,31.25,0.00,0.500,31.25,0.5000,15.62,0.5000,0.00,0.5000,-31.25,0.5000
gap_fill_wide,ZB,0.5,1.0,1.5,15,10,0.6000,1.1694,1.7553,114.84,0.00,5,0.4000,-0.0471,-0.0797,-2.01,0.00,0.000,-2.01,0.4000,-17.63,0.4000,-33.26,0.4000,-64.51,0.4000
gap_fill_wide,ZB,0.5,1.25,1.5,12,9,0.5556,1.1883,1.5959,117.19,0.00,3,0.3333,-0.1111,-0.1250,-10.42,0.00,0.000,-10.42,0.3333,-26.04,0.3333,-41.67,0.3333,-72.92,0.3333
gap_fill_wide,ZB,0.5,1.5,1.5,11,9,0.5556,1.1883,1.5959,117.19,0.00,2,0.5000,0.3333,0.2500,31.25,0.00,0.500,31.25,0.5000,15.62,0.5000,0.00,0.5000,-31.25,0.5000
gap_fill_wide,ZB,0.5,1.0,2.0,12,9,0.6667,1.2476,2.0621,151.29,0.00,3,0.3333,-0.2000,-0.2500,-29.76,0.00,0.000,-29.76,0.3333,-45.39,0.3333,-61.01,0.3333,-92.26,0.3333
gap_fill_wide,ZB,0.5,1.25,2.0,11,9,0.6667,1.2476,2.0621,151.29,0.00,2,0.5000,0.2000,0.1667,15.62,0.00,0.250,15.62,0.5000,0.00,0.5000,-15.62,0.5000,-46.88,0.5000
gap_fill_wide,ZB,0.5,1.5,2.0,7,7,0.5714,1.1868,1.5016,127.55,0.00,,,,,,,∞,0.00,0.0000,0.00,0.0000,0.00,0.0000,0.00,0.0000
gap_fill_wide,ZB,0.75,1.0,1.0,15,10,0.5000,0.7000,1.1803,61.83,0.00,5,0.4000,0.0000,0.0000,0.00,0.00,0.000,0.00,0.4000,-15.62,0.4000,-31.25,0.4000,-62.50,0.4000
gap_fill_wide,ZB,0.75,1.25,1.0,14,9,0.4444,0.6667,1.0070,58.28,0.00,5,0.4000,0.0000,0.0000,0.00,0.00,0.000,0.00,0.4000,-15.62,0.4000,-31.25,0.4000,-62.50,0.4000
gap_fill_wide,ZB,0.75,1.5,1.0,11,9,0.4444,0.6667,1.0070,58.28,0.00,2,0.5000,0.3333,0.2500,31.25,0.00,0.500,31.25,0.5000,15.62,0.5000,0.00,0.5000,-31.25,0.5000
gap_fill_wide,ZB,0.75,1.0,1.5,15,10,0.6000,1.1694,1.7553,114.84,0.00,5,0.4000,-0.0471,-0.0797,-2.01,0.00,0.000,-2.01,0.4000,-17.63,0.4000,-33.26,0.4000,-64.51,0.4000
gap_fill_wide,ZB,0.75,1.25,1.5,12,9,0.5556,1.1883,1.5959,117.19,0.00,3,0.3333,-0.1111,-0.1250,-10.42,0.00,0.000,-10.42,0.3333,-26.04,0.3333,-41.67,0.3333,-72.92,0.3333
gap_fill_wide,ZB,0.75,1.5,1.5,11,9,0.5556,1.1883,1.5959,117.19,0.00,2,0.5000,0.3333,0.2500,31.25,0.00,0.500,31.25,0.5000,15.62,0.5000,0.00,0.5000,-31.25,0.5000
gap_fill_wide,ZB,0.75,1.0,2.0,12,9,0.6667,1.2476,2.0621,151.29,0.00,3,0.3333,-0.2000,-0.2500,-29.76,0.00,0.000,-29.76,0.3333,-45.39,0.3333,-61.01,0.3333,-92.26,0.3333
gap_fill_wide,ZB,0.75,1.25,2.0,11,9,0.6667,1.2476,2.0621,151.29,0.00,2,0.5000,0.2000,0.1667,15.62,0.00,0.250,15.62,0.5000,0.00,0.5000,-15.62,0.5000,-46.88,0.5000
gap_fill_wide,ZB,0.75,1.5,2.0,7,7,0.5714,1.1868,1.5016,127.55,0.00,,,,,,,∞,0.00,0.0000,0.00,0.0000,0.00,0.0000,0.00,0.0000
gap_fill_wide,ZB,1.0,1.0,1.0,15,10,0.5000,0.7000,1.1803,61.83,0.00,5,0.4000,0.0000,0.0000,0.00,0.00,0.000,0.00,0.4000,-15.62,0.4000,-31.25,0.4000,-62.50,0.4000
gap_fill_wide,ZB,1.0,1.25,1.0,14,9,0.4444,0.6667,1.0070,58.28,0.00,5,0.4000,0.0000,0.0000,0.00,0.00,0.000,0.00,0.4000,-15.62,0.4000,-31.25,0.4000,-62.50,0.4000
gap_fill_wide,ZB,1.0,1.5,1.0,11,9,0.4444,0.6667,1.0070,58.28,0.00,2,0.5000,0.3333,0.2500,31.25,0.00,0.500,31.25,0.5000,15.62,0.5000,0.00,0.5000,-31.25,0.5000
gap_fill_wide,ZB,1.0,1.0,1.5,15,10,0.6000,1.1694,1.7553,114.84,0.00,5,0.4000,-0.0471,-0.0797,-2.01,0.00,0.000,-2.01,0.4000,-17.63,0.4000,-33.26,0.4000,-64.51,0.4000
gap_fill_wide,ZB,1.0,1.25,1.5,12,9,0.5556,1.1883,1.5959,117.19,0.00,3,0.3333,-0.1111,-0.1250,-10.42,0.00,0.000,-10.42,0.3333,-26.04,0.3333,-41.67,0.3333,-72.92,0.3333
gap_fill_wide,ZB,1.0,1.5,1.5,11,9,0.5556,1.1883,1.5959,117.19,0.00,2,0.5000,0.3333,0.2500,31.25,0.00,0.500,31.25,0.5000,15.62,0.5000,0.00,0.5000,-31.25,0.5000
gap_fill_wide,ZB,1.0,1.0,2.0,12,9,0.6667,1.2476,2.0621,151.29,0.00,3,0.3333,-0.2000,-0.2500,-29.76,0.00,0.000,-29.76,0.3333,-45.39,0.3333,-61.01,0.3333,-92.26,0.3333
gap_fill_wide,ZB,1.0,1.25,2.0,11,9,0.6667,1.2476,2.0621,151.29,0.00,2,0.5000,0.2000,0.1667,15.62,0.00,0.250,15.62,0.5000,0.00,0.5000,-15.62,0.5000,-46.88,0.5000
gap_fill_wide,ZB,1.0,1.5,2.0,7,7,0.5714,1.1868,1.5016,127.55,0.00,,,,,,,∞,0.00,0.0000,0.00,0.0000,0.00,0.0000,0.00,0.0000
gap_fill_wide,ZB,1.25,1.0,1.0,15,10,0.5000,0.7000,1.1803,61.83,0.00,5,0.4000,0.0000,0.0000,0.00,0.00,0.000,0.00,0.4000,-15.62,0.4000,-31.25,0.4000,-62.50,0.4000
gap_fill_wide,ZB,1.25,1.25,1.0,14,9,0.4444,0.6667,1.0070,58.28,0.00,5,0.4000,0.0000,0.0000,0.00,0.00,0.000,0.00,0.4000,-15.62,0.4000,-31.25,0.4000,-62.50,0.4000
gap_fill_wide,ZB,1.25,1.5,1.0,11,9,0.4444,0.6667,1.0070,58.28,0.00,2,0.5000,0.3333,0.2500,31.25,0.00,0.500,31.25,0.5000,15.62,0.5000,0.00,0.5000,-31.25,0.5000
gap_fill_wide,ZB,1.25,1.0,1.5,15,10,0.6000,1.1694,1.7553,114.84,0.00,5,0.4000,-0.0471,-0.0797,-2.01,0.00,0.000,-2.01,0.4000,-17.63,0.4000,-33.26,0.4000,-64.51,0.4000
gap_fill_wide,ZB,1.25,1.25,1.5,12,9,0.5556,1.1883,1.5959,117.19,0.00,3,0.3333,-0.1111,-0.1250,-10.42,0.00,0.000,-10.42,0.3333,-26.04,0.3333,-41.67,0.3333,-72.92,0.3333
gap_fill_wide,ZB,1.25,1.5,1.5,11,9,0.5556,1.1883,1.5959,117.19,0.00,2,0.5000,0.3333,0.2500,31.25,0.00,0.500,31.25,0.5000,15.62,0.5000,0.00,0.5000,-31.25,0.5000
gap_fill_wide,ZB,1.25,1.0,2.0,12,9,0.6667,1.2476,2.0621,151.29,0.00,3,0.3333,-0.2000,-0.2500,-29.76,0.00,0.000,-29.76,0.3333,-45.39,0.3333,-61.01,0.3333,-92.26,0.3333
gap_fill_wide,ZB,1.25,1.25,2.0,11,9,0.6667,1.2476,2.0621,151.29,0.00,2,0.5000,0.2000,0.1667,15.62,0.00,0.250,15.62,0.5000,0.00,0.5000,-15.62,0.5000,-46.88,0.5000
gap_fill_wide,ZB,1.25,1.5,2.0,7,7,0.5714,1.1868,1.5016,127.55,0.00,,,,,,,∞,0.00,0.0000,0.00,0.0000,0.00,0.0000,0.00,0.0000
gap_fill_wide,ZF,0.5,1.0,1.0,21,16,0.5625,1.4023,2.1717,32.99,0.00,5,0.4000,0.3822,0.4114,8.93,0.00,0.571,8.93,0.4000,5.02,0.4000,1.12,0.4000,-6.70,0.4000
gap_fill_wide,ZF,0.5,1.25,1.0,17,14,0.5714,1.6026,2.2351,37.71,0.00,3,0.3333,0.5556,0.3571,13.02,0.00,0.833,13.02,0.3333,9.11,0.3333,5.21,0.3333,-2.60,0.3333
gap_fill_wide,ZF,0.5,1.5,1.0,16,13,0.5385,1.6233,2.0969,38.20,0.00,3,0.3333,0.5556,0.3571,13.02,0.00,0.833,13.02,0.3333,9.11,0.3333,5.21,0.3333,-2.60,0.3333
gap_fill_wide,ZF,0.5,1.0,1.5,19,16,0.5625,1.0528,1.9327,27.74,0.00,3,0.3333,0.2339,0.1896,7.72,0.00,0.494,7.72,0.3333,3.81,0.3333,-0.09,0.3333,-7.91,0.3333
gap_fill_wide,ZF,0.5,1.25,1.5,15,12,0.5833,1.3981,2.0508,38.16,0.00,3,0.3333,0.2339,0.1896,7.72,0.00,0.494,7.72,0.3333,3.81,0.3333,-0.09,0.3333,-7.91,0.3333
gap_fill_wide,ZF,0.5,1.5,1.5,14,11,0.6364,1.6161,2.2840,44.59,0.00,3,0.3333,0.2339,0.1896,7.72,0.00,0.494,7.72,0.3333,3.81,0.3333,-0.09,0.3333,-7.91,0.3333
gap_fill_wide,ZF,0.5,1.0,2.0,16,13,0.6154,1.1855,2.1356,46.45,0.00,3,0.6667,0.9681,0.9829,44.64,0.00,∞,44.64,0.6667,40.74,0.6667,36.83,0.6667,29.02,0.6667
gap_fill_wide,ZF,0.5,1.25,2.0,14,11,0.7273,1.5829,2.7373,60.98,0.00,3,0.6667,0.9681,0.9829,44.64,0.00,∞,44.64,0.6667,40.74,0.6667,36.83,0.6667,29.02,0.6667
gap_fill_wide,ZF,0.5,1.5,2.0,12,9,0.6667,1.6213,2.2709,64.11,0.00,3,0.6667,0.9681,0.9829,44.64,0.00,∞,44.64,0.6667,40.74,0.6667,36.83,0.6667,29.02,0.6667
gap_fill_wide,ZF,0.75,1.0,1.0,21,16,0.5625,1.4023,2.1717,32.99,0.00,5,0.4000,0.3822,0.4114,8.93,0.00,0.571,8.93,0.4000,5.02,0.4000,1.12,0.4000,-6.70,0.4000
gap_fill_wide,ZF,0.75,1.25,1.0,17,14,0.5714,1.6026,2.2351,37.71,0.00,3,0.3333,0.5556,0.3571,13.02,0.00,0.833,13.02,0.3333,9.11,0.3333,5.21,0.3333,-2.60,0.3333
gap_fill_wide,ZF,0.75,1.5,1.0,16,13,0.5385,1.6233,2.0969,38.20,0.00,3,0.3333,0.5556,0.3571,13.02,0.00,0.833,13.02,0.3333,9.11,0.3333,5.21,0.3333,-2.60,0.3333
gap_fill_wide,ZF,0.75,1.0,1.5,19,16,0.5625,1.0528,1.9327,27.74,0.00,3,0.3333,0.2339,0.1896,7.72,0.00,0.494,7.72,0.3333,3.81,0.3333,-0.09,0.3333,-7.91,0.3333
gap_fill_wide,ZF,0.75,1.25,1.5,15,12,0.5833,1.3981,2.0508,38.16,0.00,3,0.3333,0.2339,0.1896,7.72,0.00,0.494,7.72,0.3333,3.81,0.3333,-0.09,0.3333,-7.91,0.3333
gap_fill_wide,ZF,0.75,1.5,1.5,14,11,0.6364,1.6161,2.2840,44.59,0.00,3,0.3333,0.2339,0.1896,7.72,0.00,0.494,7.72,0.3333,3.81,0.3333,-0.09,0.3333,-7.91,0.3333
gap_fill_wide,ZF,0.75,1.0,2.0,16,13,0.6154,1.1855,2.1356,46.45,0.00,3,0.6667,0.9681,0.9829,44.64,0.00,∞,44.64,0.6667,40.74,0.6667,36.83,0.6667,29.02,0.6667
gap_fill_wide,ZF,0.75,1.25,2.0,14,11,0.7273,1.5829,2.7373,60.98,0.00,3,0.6667,0.9681,0.9829,44.64,0.00,∞,44.64,0.6667,40.74,0.6667,36.83,0.6667,29.02,0.6667
gap_fill_wide,ZF,0.75,1.5,2.0,12,9,0.6667,1.6213,2.2709,64.11,0.00,3,0.6667,0.9681,0.9829,44.64,0.00,∞,44.64,0.6667,40.74,0.6667,36.83,0.6667,29.02,0.6667
gap_fill_wide,ZF,1.0,1.0,1.0,21,16,0.5625,1.4023,2.1717,32.99,0.00,5,0.4000,0.3822,0.4114,8.93,0.00,0.571,8.93,0.4000,5.02,0.4000,1.12,0.4000,-6.70,0.4000
gap_fill_wide,ZF,1.0,1.25,1.0,17,14,0.5714,1.6026,2.2351,37.71,0.00,3,0.3333,0.5556,0.3571,13.02,0.00,0.833,13.02,0.3333,9.11,0.3333,5.21,0.3333,-2.60,0.3333
gap_fill_wide,ZF,1.0,1.5,1.0,16,13,0.5385,1.6233,2.0969,38.20,0.00,3,0.3333,0.5556,0.3571,13.02,0.00,0.833,13.02,0.3333,9.11,0.3333,5.21,0.3333,-2.60,0.3333
gap_fill_wide,ZF,1.0,1.0,1.5,19,16,0.5625,1.0528,1.9327,27.74,0.00,3,0.3333,0.2339,0.1896,7.72,0.00,0.494,7.72,0.3333,3.81,0.3333,-0.09,0.3333,-7.91,0.3333
gap_fill_wide,ZF,1.0,1.25,1.5,15,12,0.5833,1.3981,2.0508,38.16,0.00,3,0.3333,0.2339,0.1896,7.72,0.00,0.494,7.72,0.3333,3.81,0.3333,-0.09,0.3333,-7.91,0.3333
gap_fill_wide,ZF,1.0,1.5,1.5,14,11,0.6364,1.6161,2.2840,44.59,0.00,3,0.3333,0.2339,0.1896,7.72,0.00,0.494,7.72,0.3333,3.81,0.3333,-0.09,0.3333,-7.91,0.3333
gap_fill_wide,ZF,1.0,1.0,2.0,16,13,0.6154,1.1855,2.1356,46.45,0.00,3,0.6667,0.9681,0.9829,44.64,0.00,∞,44.64,0.6667,40.74,0.6667,36.83,0.6667,29.02,0.6667
gap_fill_wide,ZF,1.0,1.25,2.0,14,11,0.7273,1.5829,2.7373,60.98,0.00,3,0.6667,0.9681,0.9829,44.64,0.00,∞,44.64,0.6667,40.74,0.6667,36.83,0.6667,29.02,0.6667
gap_fill_wide,ZF,1.0,1.5,2.0,12,9,0.6667,1.6213,2.2709,64.11,0.00,3,0.6667,0.9681,0.9829,44.64,0.00,∞,44.64,0.6667,40.74,0.6667,36.83,0.6667,29.02,0.6667
gap_fill_wide,ZF,1.25,1.0,1.0,19,16,0.5625,1.4023,2.1717,32.99,0.00,3,0.3333,0.5556,0.3571,13.02,0.00,0.833,13.02,0.3333,9.11,0.3333,5.21,0.3333,-2.60,0.3333
gap_fill_wide,ZF,1.25,1.25,1.0,17,14,0.5714,1.6026,2.2351,37.71,0.00,3,0.3333,0.5556,0.3571,13.02,0.00,0.833,13.02,0.3333,9.11,0.3333,5.21,0.3333,-2.60,0.3333
gap_fill_wide,ZF,1.25,1.5,1.0,16,13,0.5385,1.6233,2.0969,38.20,0.00,3,0.3333,0.5556,0.3571,13.02,0.00,0.833,13.02,0.3333,9.11,0.3333,5.21,0.3333,-2.60,0.3333
gap_fill_wide,ZF,1.25,1.0,1.5,19,16,0.5625,1.0528,1.9327,27.74,0.00,3,0.3333,0.2339,0.1896,7.72,0.00,0.494,7.72,0.3333,3.81,0.3333,-0.09,0.3333,-7.91,0.3333
gap_fill_wide,ZF,1.25,1.25,1.5,15,12,0.5833,1.3981,2.0508,38.16,0.00,3,0.3333,0.2339,0.1896,7.72,0.00,0.494,7.72,0.3333,3.81,0.3333,-0.09,0.3333,-7.91,0.3333
gap_fill_wide,ZF,1.25,1.5,1.5,14,11,0.6364,1.6161,2.2840,44.59,0.00,3,0.3333,0.2339,0.1896,7.72,0.00,0.494,7.72,0.3333,3.81,0.3333,-0.09,0.3333,-7.91,0.3333
gap_fill_wide,ZF,1.25,1.0,2.0,16,13,0.6154,1.1855,2.1356,46.45,0.00,3,0.6667,0.9681,0.9829,44.64,0.00,∞,44.64,0.6667,40.74,0.6667,36.83,0.6667,29.02,0.6667
gap_fill_wide,ZF,1.25,1.25,2.0,14,11,0.7273,1.5829,2.7373,60.98,0.00,3,0.6667,0.9681,0.9829,44.64,0.00,∞,44.64,0.6667,40.74,0.6667,36.83,0.6667,29.02,0.6667
gap_fill_wide,ZF,1.25,1.5,2.0,12,9,0.6667,1.6213,2.2709,64.11,0.00,3,0.6667,0.9681,0.9829,44.64,0.00,∞,44.64,0.6667,40.74,0.6667,36.83,0.6667,29.02,0.6667
